image_path,pieces,score_2,score_3,margin,fallback_used,inference_time,error
images/hoodie_2piece_2.jpeg,2,0.5105495452880859,0.4894504249095917,0.03143191337585449,True,1.864743947982788,
images/hoodie_2piece_3.jpeg,2,0.5113954544067383,0.4886045753955841,0.04558968544006348,False,1.4111108779907227,
images/hoodie_2piece_4.jpeg,2,0.510784924030304,0.48921507596969604,0.043146371841430664,False,1.4008939266204834,
images/hoodie_3piece_3.jpeg,3,0.48755544424057007,0.5124444961547852,0.016695022583007812,True,1.7885961532592773,
images/hoodie_3piece_4.jpeg,3,0.49012213945388794,0.5098778605461121,0.03393101692199707,True,1.8087937831878662,
images/hoodie_3piece_1.png,3,0.49472612142562866,0.5052738785743713,0.023441314697265625,True,1.9410219192504883,
images/hoodie_3piece_2.png,3,0.4918334186077118,0.5081666111946106,0.010211467742919922,True,2.452468156814575,
images/hoodie_2piece_1.png,2,0.5052739381790161,0.49472612142562866,0.031769752502441406,True,2.072974920272827,
